Concurrency,Avg Response Time (s),Success Rate (%),CPU Usage (%),Memory Usage (%),GPU Usage (%)
1,81.57612347602844,50.0,17.16328671328671,84.27972027972045,39.54545454545455
5,241.88452001980372,85.71428571428571,22.18634686346865,81.5635916359163,53.961869618696184
10,372.8502199848493,75.0,25.31701940035271,78.70864197530875,58.93121693121693
20,593.688080628713,18.181818181818183,26.889084658358392,82.15844434894714,57.88525999140524
